{
  "photon": {
    "SAD_mm": 1000,
    "mlc_num_leaf_pairs": 80,
    "mlc_leaf_thickness_mm": 5,
    "jaw_x_mm": [-200, 200],
    "jaw_y_mm": [-200, 200],
    "source_plane_distance_mm": 2000,
    "virtual_source_distance_mm": 1000,
    "_source_geometry_note": "Photons sampled from a 400x400 mm plane at 2*SAD. Beam converges to a focal point at SAD (1000 mm from isocenter), this focal point is the virtual point source",
    "_mlc_aperture_note": "MLC aperture enforced by rejection sampling against the 400x400 binary mask (1 mm/pixel). History count scales with open area: 10M histories/cm2 of open MLC aperture.",
    "energy_spectrum": {
      "_note": "Geant4 GPS histogram defining photon energy distribution. 100 points, 0.06-6.00 MeV, step 0.06 MeV.",
      "energy_mev": [0.06, 0.12, 0.18, 0.24, 0.30, 0.36, 0.42, 0.48, 0.54, 0.60,
                     0.66, 0.72, 0.78, 0.84, 0.90, 0.96, 1.02, 1.08, 1.14, 1.20,
                     1.26, 1.32, 1.38, 1.44, 1.50, 1.56, 1.62, 1.68, 1.74, 1.80,
                     1.86, 1.92, 1.98, 2.04, 2.10, 2.16, 2.22, 2.28, 2.34, 2.40,
                     2.46, 2.52, 2.58, 2.64, 2.70, 2.76, 2.82, 2.88, 2.94, 3.00,
                     3.06, 3.12, 3.18, 3.24, 3.30, 3.36, 3.42, 3.48, 3.54, 3.60,
                     3.66, 3.72, 3.78, 3.84, 3.90, 3.96, 4.02, 4.08, 4.14, 4.20,
                     4.26, 4.32, 4.38, 4.44, 4.50, 4.56, 4.62, 4.68, 4.74, 4.80,
                     4.86, 4.92, 4.98, 5.04, 5.10, 5.16, 5.22, 5.28, 5.34, 5.40,
                     5.46, 5.52, 5.58, 5.64, 5.70, 5.76, 5.82, 5.88, 5.94, 6.00],
      "weight": [2.54238e-04, 4.19007e-03, 1.64380e-02, 3.27511e-02, 4.26306e-02,
                 4.56607e-02, 4.52659e-02, 4.34762e-02, 4.47129e-02, 3.81616e-02,
                 3.58066e-02, 3.37301e-02, 3.18390e-02, 2.99035e-02, 2.81086e-02,
                 2.64351e-02, 2.49122e-02, 2.34632e-02, 2.21145e-02, 2.09058e-02,
                 1.97536e-02, 1.86973e-02, 1.76865e-02, 1.67660e-02, 1.58873e-02,
                 1.49913e-02, 1.42329e-02, 1.35083e-02, 1.28337e-02, 1.22013e-02,
                 1.16182e-02, 1.10765e-02, 1.05718e-02, 1.00526e-02, 9.61410e-03,
                 9.18486e-03, 8.78546e-03, 8.40149e-03, 8.03662e-03, 7.68496e-03,
                 7.36606e-03, 7.06749e-03, 6.76740e-03, 6.49375e-03, 6.22279e-03,
                 5.97915e-03, 5.75149e-03, 5.51645e-03, 5.29513e-03, 5.07651e-03,
                 4.89121e-03, 4.69359e-03, 4.51351e-03, 4.33559e-03, 4.17315e-03,
                 4.00582e-03, 3.85291e-03, 3.70279e-03, 3.54862e-03, 3.41719e-03,
                 3.27277e-03, 3.15898e-03, 3.02902e-03, 2.90728e-03, 2.79603e-03,
                 2.67682e-03, 2.56908e-03, 2.45770e-03, 2.36121e-03, 2.24374e-03,
                 2.14842e-03, 2.05885e-03, 1.96066e-03, 1.86058e-03, 1.76296e-03,
                 1.68080e-03, 1.59073e-03, 1.50016e-03, 1.41159e-03, 1.32824e-03,
                 1.25038e-03, 1.16362e-03, 1.08056e-03, 1.00508e-03, 9.21253e-04,
                 8.38062e-04, 7.57685e-04, 6.77143e-04, 5.97707e-04, 5.16531e-04,
                 4.31229e-04, 3.53960e-04, 2.77338e-04, 1.94645e-04, 1.14458e-04,
                 2.88556e-05, 5.53396e-08, 7.90565e-09, 0.0, 0.0]
    }
  },
  "hu_to_density": {
    "_note": "HU-to-density calibration curve used by G4DCM. 10 anchor points linearly interpolated. Both photon and proton simulations use identical tables.",
    "entries": [
      {"hu": -1024, "density_g_cm3": 1.200000e-03},
      {"hu":  -999, "density_g_cm3": 1.210000e-03},
      {"hu":  -200, "density_g_cm3": 8.043754e-01},
      {"hu":  -199, "density_g_cm3": 8.183035e-01},
      {"hu":   -10, "density_g_cm3": 1.006579e+00},
      {"hu":    -9, "density_g_cm3": 9.966749e-01},
      {"hu":   120, "density_g_cm3": 1.126553e+00},
      {"hu":   121, "density_g_cm3": 1.095097e+00},
      {"hu":  3000, "density_g_cm3": 3.027294e+00},
      {"hu":  4000, "density_g_cm3": 3.698428e+00}
    ]
  }
}
